id,simulation_type,description,enabled,raw,mitre_tactic,mitre_technique,sources,time_delay_seconds
INDEX-WINEVT-TE-01,Threat Event,Vssadmin being used to delete shadow copies,TRUE,"LogName=Security
EventCode=4688
EventType=0
ComputerName=WKS02
SourceName=Microsoft Windows security auditing.
Type=Information
RecordNumber=12217
Keywords=Audit Success
TaskCategory=Process Creation
OpCode=Info
Message=A new process has been created.

Creator Subject:
	Security ID:		S-1-5-21-4778404383-213451841-257113046-2094
	Account Name:		tom.hanks
	Account Domain:		READYTHREATGO
	Logon ID:		0x51E34

Target Subject:
	Security ID:		S-1-0-0
	Account Name:		-
	Account Domain:		-
	Logon ID:		0x0

Process Information:
	New Process ID:		0x2590
	New Process Name:	C:\Windows\System32\whoami.exe
	Token Elevation Type:	%%1938
	Mandatory Label:		S-1-16-8192
	Creator Process ID:	0x265c
	Creator Process Name:	C:\Windows\System32\WindowsPowerShell\v1.0\powershell.exe
	Process Command Line:	C:\Windows\system32\vssadmin.exe delete shadows /all /quiet

Token Elevation Type indicates the type of token that was assigned to the new process in accordance with User Account Control policy.

Type 1 is a full token with no privileges removed or groups disabled.  A full token is only used if User Account Control is disabled or if the user is the built-in Administrator account or a service account.

Type 2 is an elevated token with no privileges removed or groups disabled.  An elevated token is used when User Account Control is enabled and the user chooses to start the program using Run as administrator.  An elevated token is also used when an application is configured to always require administrative privilege or to always require maximum privilege, and the user is a member of the Administrators group.

Type 3 is a limited token with administrative privileges removed and administrative groups disabled.  The limited token is used when User Account Control is enabled, the application does not require administrative privilege, and the user does not choose to start the program using Run as administrator.",Impact,Inhibit System Recovery,,