id,simulation_type,description,enabled,src,query,query_type,mitre_tactic,mitre_technique
DNS-TE-01,Threat Event,Query to external IP lookup tool,true,192.168.1.4,ifconfig.me,A,Reconnaissance,Gather Victim Network Information
DNS-TE-02,Threat Event,Query to external IP lookup tool,true,192.168.1.7,ip-api.com,A,Reconnaissance,Gather Victim Network Information
DNS-TE-03,Threat Event,Query to external IP lookup tool,true,192.168.1.10,ipinfo.io,A,Reconnaissance,Gather Victim Network Information
DNS-TE-04,Threat Event,Query to external IP lookup tool,true,192.168.1.11,mega.io,A,Exfiltration,Exfiltration Over Web Service
DNS-TE-05,Threat Event,Query to external IP lookup tool,true,192.168.1.11,exploit-db.com,A,Command and Control, Ingress Tool Transfer